source,target,type
1,696,indicative
1,444,indicative
1,576,indicative
2,715,indicative
2,405,indicative
2,613,indicative
3,829,indicative
3,251,indicative
3,751,indicative
4,213,indicative
264,4,indicative
4,799,indicative
5,144,indicative
5,953,indicative
685,5,indicative
6,21,indicative
534,6,indicative
6,575,indicative
7,144,indicative
7,826,indicative
641,7,indicative
435,8,indicative
8,440,indicative
8,755,indicative
9,13,indicative
499,9,indicative
9,597,indicative
12,213,indicative
12,735,indicative
570,12,indicative
507,13,indicative
883,13,indicative
940,13,indicative
14,755,indicative
430,14,indicative
14,368,indicative
202,15,indicative
239,15,indicative
297,15,indicative
263,16,indicative
16,756,indicative
16,220,indicative
435,17,indicative
17,440,indicative
340,17,indicative
499,18,indicative
558,18,indicative
18,40,indicative
821,20,indicative
422,20,indicative
610,20,indicative
21,813,indicative
194,21,indicative
563,21,indicative
22,748,indicative
613,22,indicative
596,22,indicative
502,23,indicative
54,23,indicative
193,23,indicative
608,24,indicative
242,24,indicative
351,24,indicative
189,25,indicative
25,666,indicative
188,25,indicative
580,26,indicative
564,26,indicative
579,26,indicative
438,27,indicative
27,961,indicative
579,27,indicative
28,350,indicative
938,28,indicative
28,254,indicative
523,29,indicative
190,29,indicative
29,296,indicative
506,30,indicative
389,30,indicative
526,30,indicative
858,31,indicative
301,31,indicative
821,31,indicative
32,783,indicative
584,32,indicative
499,32,indicative
33,201,indicative
33,663,indicative
193,33,indicative
319,34,indicative
585,34,indicative
305,34,indicative
707,35,indicative
186,35,indicative
281,35,indicative
437,36,indicative
952,36,indicative
348,36,indicative
39,756,indicative
39,296,indicative
693,39,indicative
218,40,indicative
40,768,indicative
40,778,indicative
422,41,indicative
450,41,indicative
641,41,indicative
186,42,indicative
42,364,indicative
392,42,indicative
660,43,indicative
43,447,indicative
59,43,indicative
44,296,indicative
435,44,indicative
607,44,indicative
430,45,indicative
688,45,indicative
277,45,indicative
46,134,indicative
242,46,indicative
184,46,indicative
49,351,indicative
516,49,indicative
49,663,indicative
50,498,indicative
50,430,indicative
50,597,indicative
51,942,indicative
51,884,indicative
51,65,indicative
52,942,indicative
52,601,indicative
52,884,indicative
53,133,indicative
53,56,indicative
53,942,indicative
54,67,indicative
54,268,indicative
54,599,indicative
55,455,indicative
55,552,indicative
627,55,indicative
191,56,indicative
712,56,indicative
810,56,indicative
58,366,indicative
58,743,indicative
58,350,indicative
534,59,indicative
59,597,indicative
526,59,indicative
60,960,indicative
60,799,indicative
60,133,indicative
420,61,indicative
61,110,indicative
61,212,indicative
62,109,indicative
62,107,indicative
62,73,indicative
435,63,indicative
528,63,indicative
211,63,indicative
65,758,indicative
423,65,indicative
131,65,indicative
336,66,indicative
66,372,indicative
556,66,indicative
67,351,indicative
67,292,indicative
67,665,indicative
71,68,indicative
438,68,indicative
110,68,indicative
940,69,indicative
941,69,indicative
390,69,indicative
627,70,indicative
702,70,indicative
390,70,indicative
522,71,indicative
564,71,indicative
580,71,indicative
72,751,indicative
72,399,indicative
72,440,indicative
563,73,indicative
515,73,indicative
694,73,indicative
730,103,indicative
144,103,indicative
825,103,indicative
438,104,indicative
821,104,indicative
885,104,indicative
566,105,indicative
601,105,indicative
948,105,indicative
197,106,indicative
556,106,indicative
711,106,indicative
268,107,indicative
107,374,indicative
107,132,indicative
108,820,indicative
552,108,indicative
430,108,indicative
109,829,indicative
241,109,indicative
109,141,indicative
110,813,indicative
537,110,indicative
110,394,indicative
111,820,indicative
111,298,indicative
111,767,indicative
868,112,indicative
112,820,indicative
112,807,indicative
116,876,indicative
116,140,indicative
116,137,indicative
117,881,indicative
117,143,indicative
117,868,indicative
118,202,indicative
118,739,indicative
118,429,indicative
119,124,indicative
119,133,indicative
119,122,indicative
120,140,indicative
122,874,indicative
423,122,indicative
122,356,indicative
123,881,indicative
123,810,indicative
326,123,indicative
124,134,indicative
124,133,indicative
124,443,indicative
126,865,indicative
126,945,indicative
126,364,indicative
128,668,indicative
128,737,indicative
128,890,indicative
495,130,indicative
130,748,indicative
130,399,indicative
131,356,indicative
131,887,indicative
131,721,indicative
287,132,indicative
427,132,indicative
855,132,indicative
876,133,indicative
940,133,indicative
941,133,indicative
715,134,indicative
558,134,indicative
430,134,indicative
497,137,indicative
137,746,indicative
137,399,indicative
438,138,indicative
421,138,indicative
859,138,indicative
865,139,indicative
504,139,indicative
139,757,indicative
140,872,indicative
949,140,indicative
140,143,indicative
711,141,indicative
742,141,indicative
458,141,indicative
338,142,indicative
868,142,indicative
827,142,indicative
883,143,indicative
346,143,indicative
806,143,indicative
144,751,indicative
515,144,indicative
144,357,indicative
181,707,indicative
181,462,indicative
181,329,indicative
182,943,indicative
182,204,indicative
182,696,indicative
183,704,indicative
183,743,indicative
183,422,indicative
184,597,indicative
184,551,indicative
184,951,indicative
853,185,indicative
939,185,indicative
185,744,indicative
186,732,indicative
186,693,indicative
186,650,indicative
187,696,indicative
187,743,indicative
187,200,indicative
188,458,indicative
188,397,indicative
188,710,indicative
189,205,indicative
189,730,indicative
504,189,indicative
190,485,indicative
190,522,indicative
190,775,indicative
191,606,indicative
191,194,indicative
191,219,indicative
690,192,indicative
192,204,indicative
192,200,indicative
193,203,indicative
193,205,indicative
193,742,indicative
318,194,indicative
938,194,indicative
194,960,indicative
196,195,indicative
195,225,indicative
195,202,indicative
196,477,indicative
196,255,indicative
196,771,indicative
197,748,indicative
197,655,indicative
536,197,indicative
198,440,indicative
198,452,indicative
198,399,indicative
857,200,indicative
429,200,indicative
200,372,indicative
442,201,indicative
428,201,indicative
515,201,indicative
527,202,indicative
202,357,indicative
202,753,indicative
268,203,indicative
712,203,indicative
552,203,indicative
505,204,indicative
579,204,indicative
548,204,indicative
205,350,indicative
860,205,indicative
205,213,indicative
951,206,indicative
706,206,indicative
668,206,indicative
557,209,indicative
577,209,indicative
261,209,indicative
211,728,indicative
211,255,indicative
508,211,indicative
212,748,indicative
369,212,indicative
317,212,indicative
744,213,indicative
611,213,indicative
687,213,indicative
499,214,indicative
317,214,indicative
704,214,indicative
938,215,indicative
215,650,indicative
215,831,indicative
698,218,indicative
268,218,indicative
218,762,indicative
219,364,indicative
316,219,indicative
219,350,indicative
609,220,indicative
499,220,indicative
340,220,indicative
331,221,indicative
239,221,indicative
221,813,indicative
434,223,indicative
389,223,indicative
223,372,indicative
664,224,indicative
431,224,indicative
390,224,indicative
227,225,indicative
862,225,indicative
226,225,indicative
226,350,indicative
860,226,indicative
226,783,indicative
227,399,indicative
227,813,indicative
691,227,indicative
237,767,indicative
237,364,indicative
237,307,indicative
238,729,indicative
624,238,indicative
627,238,indicative
239,665,indicative
239,342,indicative
239,960,indicative
240,346,indicative
326,240,indicative
240,458,indicative
241,775,indicative
241,829,indicative
241,953,indicative
242,567,indicative
242,956,indicative
632,242,indicative
243,252,indicative
244,247,indicative
244,254,indicative
244,296,indicative
276,246,indicative
799,246,indicative
336,246,indicative
326,247,indicative
329,247,indicative
810,247,indicative
569,248,indicative
648,248,indicative
317,248,indicative
618,251,indicative
947,251,indicative
938,251,indicative
674,252,indicative
512,253,indicative
253,286,indicative
253,961,indicative
362,254,indicative
655,254,indicative
339,254,indicative
746,255,indicative
466,255,indicative
570,255,indicative
260,266,indicative
260,794,indicative
260,281,indicative
261,349,indicative
261,581,indicative
261,348,indicative
262,277,indicative
262,720,indicative
262,767,indicative
263,584,indicative
263,571,indicative
263,562,indicative
264,799,indicative
264,445,indicative
264,886,indicative
265,297,indicative
265,272,indicative
266,329,indicative
266,767,indicative
266,814,indicative
267,305,indicative
267,301,indicative
267,369,indicative
268,576,indicative
268,556,indicative
268,880,indicative
269,744,indicative
269,288,indicative
269,668,indicative
270,668,indicative
270,344,indicative
270,643,indicative
271,820,indicative
495,271,indicative
271,292,indicative
272,301,indicative
272,666,indicative
272,344,indicative
275,746,indicative
275,767,indicative
275,280,indicative
276,810,indicative
276,573,indicative
276,584,indicative
277,606,indicative
277,486,indicative
277,458,indicative
280,750,indicative
540,280,indicative
280,368,indicative
281,593,indicative
281,714,indicative
281,288,indicative
526,282,indicative
697,282,indicative
282,782,indicative
576,283,indicative
283,774,indicative
525,283,indicative
794,285,indicative
285,295,indicative
369,285,indicative
286,394,indicative
329,286,indicative
505,286,indicative
577,287,indicative
526,287,indicative
558,287,indicative
288,663,indicative
329,288,indicative
947,288,indicative
433,291,indicative
729,291,indicative
291,768,indicative
868,292,indicative
640,292,indicative
393,292,indicative
445,295,indicative
627,295,indicative
295,767,indicative
529,296,indicative
501,296,indicative
331,296,indicative
320,297,indicative
297,367,indicative
297,762,indicative
298,342,indicative
441,298,indicative
326,298,indicative
710,300,indicative
300,783,indicative
317,300,indicative
340,301,indicative
301,957,indicative
327,301,indicative
326,302,indicative
320,302,indicative
302,357,indicative
517,303,indicative
648,303,indicative
451,303,indicative
322,304,indicative
612,304,indicative
714,304,indicative
493,305,indicative
305,753,indicative
573,305,indicative
688,306,indicative
639,306,indicative
458,306,indicative
659,307,indicative
585,307,indicative
750,307,indicative
308,748,indicative
493,308,indicative
420,308,indicative
316,519,indicative
316,597,indicative
316,643,indicative
317,703,indicative
317,531,indicative
317,597,indicative
318,650,indicative
318,888,indicative
318,811,indicative
319,405,indicative
319,565,indicative
319,372,indicative
320,765,indicative
320,569,indicative
320,729,indicative
321,888,indicative
321,825,indicative
321,829,indicative
322,750,indicative
322,584,indicative
322,463,indicative
323,343,indicative
323,344,indicative
323,327,indicative
324,829,indicative
324,335,indicative
324,724,indicative
325,798,indicative
325,335,indicative
325,957,indicative
938,326,indicative
326,745,indicative
326,598,indicative
327,329,indicative
327,800,indicative
327,357,indicative
687,328,indicative
328,890,indicative
328,860,indicative
329,961,indicative
334,329,indicative
630,329,indicative
330,402,indicative
688,330,indicative
330,363,indicative
331,374,indicative
331,829,indicative
331,350,indicative
332,366,indicative
332,354,indicative
332,464,indicative
333,827,indicative
333,707,indicative
333,668,indicative
334,750,indicative
334,662,indicative
334,780,indicative
335,813,indicative
335,825,indicative
687,335,indicative
336,434,indicative
336,473,indicative
336,728,indicative
337,814,indicative
337,361,indicative
337,811,indicative
855,338,indicative
496,338,indicative
338,405,indicative
339,829,indicative
339,458,indicative
339,742,indicative
340,439,indicative
340,349,indicative
340,402,indicative
799,341,indicative
357,341,indicative
797,341,indicative
342,767,indicative
886,342,indicative
464,342,indicative
800,343,indicative
799,343,indicative
366,343,indicative
366,344,indicative
721,344,indicative
349,344,indicative
446,345,indicative
793,345,indicative
796,345,indicative
346,822,indicative
700,346,indicative
346,350,indicative
951,347,indicative
347,884,indicative
515,347,indicative
512,348,indicative
540,348,indicative
548,348,indicative
940,349,indicative
941,349,indicative
868,349,indicative
606,350,indicative
395,350,indicative
951,350,indicative
821,351,indicative
699,351,indicative
881,351,indicative
352,776,indicative
687,352,indicative
352,766,indicative
357,353,indicative
464,353,indicative
825,353,indicative
687,354,indicative
358,354,indicative
942,354,indicative
497,355,indicative
355,592,indicative
552,355,indicative
356,813,indicative
799,356,indicative
356,887,indicative
734,357,indicative
455,357,indicative
857,357,indicative
952,358,indicative
358,735,indicative
358,665,indicative
795,359,indicative
823,359,indicative
803,359,indicative
825,360,indicative
797,360,indicative
810,360,indicative
577,361,indicative
704,361,indicative
514,361,indicative
362,364,indicative
362,759,indicative
797,362,indicative
363,735,indicative
799,363,indicative
711,363,indicative
640,364,indicative
552,364,indicative
711,364,indicative
366,831,indicative
528,366,indicative
366,731,indicative
367,771,indicative
494,367,indicative
567,367,indicative
746,368,indicative
710,368,indicative
627,368,indicative
369,745,indicative
537,369,indicative
581,369,indicative
513,372,indicative
529,372,indicative
605,372,indicative
532,374,indicative
802,374,indicative
630,374,indicative
389,821,indicative
389,401,indicative
389,565,indicative
390,427,indicative
390,455,indicative
390,752,indicative
526,392,indicative
392,820,indicative
392,762,indicative
393,743,indicative
696,393,indicative
393,476,indicative
707,394,indicative
536,394,indicative
951,394,indicative
395,745,indicative
423,395,indicative
947,395,indicative
528,396,indicative
552,396,indicative
583,396,indicative
690,397,indicative
397,771,indicative
519,397,indicative
398,399,indicative
458,399,indicative
399,768,indicative
567,399,indicative
494,400,indicative
567,401,indicative
430,401,indicative
711,401,indicative
558,402,indicative
793,402,indicative
402,751,indicative
404,743,indicative
792,404,indicative
404,768,indicative
518,405,indicative
702,405,indicative
636,405,indicative
419,464,indicative
419,433,indicative
419,446,indicative
420,881,indicative
420,550,indicative
420,477,indicative
495,421,indicative
421,454,indicative
421,440,indicative
422,748,indicative
422,947,indicative
422,813,indicative
423,811,indicative
423,942,indicative
423,431,indicative
424,444,indicative
497,424,indicative
424,430,indicative
425,940,indicative
425,941,indicative
427,436,indicative
427,437,indicative
427,721,indicative
428,458,indicative
497,428,indicative
428,735,indicative
429,782,indicative
429,712,indicative
503,429,indicative
430,886,indicative
496,430,indicative
430,766,indicative
431,464,indicative
431,810,indicative
431,668,indicative
433,714,indicative
433,715,indicative
433,748,indicative
531,434,indicative
434,437,indicative
434,765,indicative
435,568,indicative
435,562,indicative
435,443,indicative
495,436,indicative
583,437,indicative
437,449,indicative
712,437,indicative
501,438,indicative
641,438,indicative
694,438,indicative
714,439,indicative
439,757,indicative
463,439,indicative
451,440,indicative
501,440,indicative
611,440,indicative
580,441,indicative
696,441,indicative
525,441,indicative
442,886,indicative
865,442,indicative
951,442,indicative
744,443,indicative
497,443,indicative
696,443,indicative
799,444,indicative
702,444,indicative
692,444,indicative
445,465,indicative
445,773,indicative
445,662,indicative
496,446,indicative
868,446,indicative
552,446,indicative
884,447,indicative
607,447,indicative
478,447,indicative
449,771,indicative
577,449,indicative
449,754,indicative
540,450,indicative
450,776,indicative
450,772,indicative
501,451,indicative
451,748,indicative
451,768,indicative
536,452,indicative
452,650,indicative
700,452,indicative
455,453,indicative
455,746,indicative
855,455,indicative
799,455,indicative
693,456,indicative
700,456,indicative
456,884,indicative
557,458,indicative
583,458,indicative
521,458,indicative
590,459,indicative
552,459,indicative
558,459,indicative
521,461,indicative
461,831,indicative
522,461,indicative
462,776,indicative
462,753,indicative
462,783,indicative
568,463,indicative
529,463,indicative
584,463,indicative
582,464,indicative
464,766,indicative
942,464,indicative
465,777,indicative
465,953,indicative
781,465,indicative
500,466,indicative
466,783,indicative
710,466,indicative
473,475,indicative
537,473,indicative
473,762,indicative
474,773,indicative
474,811,indicative
497,474,indicative
475,778,indicative
478,475,indicative
483,475,indicative
520,476,indicative
607,476,indicative
563,476,indicative
477,598,indicative
793,477,indicative
576,477,indicative
478,771,indicative
576,478,indicative
523,478,indicative
479,778,indicative
479,777,indicative
483,780,indicative
483,671,indicative
484,778,indicative
485,779,indicative
485,785,indicative
485,782,indicative
486,762,indicative
496,486,indicative
712,486,indicative
493,755,indicative
493,668,indicative
493,576,indicative
494,700,indicative
494,831,indicative
494,671,indicative
495,509,indicative
495,511,indicative
495,883,indicative
496,780,indicative
496,858,indicative
496,671,indicative
497,888,indicative
497,819,indicative
497,670,indicative
498,666,indicative
498,858,indicative
498,553,indicative
499,553,indicative
499,800,indicative
499,722,indicative
500,712,indicative
500,721,indicative
500,940,indicative
501,556,indicative
501,750,indicative
501,961,indicative
502,598,indicative
502,582,indicative
502,608,indicative
503,702,indicative
503,782,indicative
503,744,indicative
504,585,indicative
504,777,indicative
504,756,indicative
505,721,indicative
505,744,indicative
505,688,indicative
506,778,indicative
506,575,indicative
506,948,indicative
507,605,indicative
507,569,indicative
507,598,indicative
508,811,indicative
508,593,indicative
508,578,indicative
509,552,indicative
509,776,indicative
509,516,indicative
510,775,indicative
510,575,indicative
510,573,indicative
511,954,indicative
511,748,indicative
511,762,indicative
512,855,indicative
512,728,indicative
512,858,indicative
513,884,indicative
855,513,indicative
513,785,indicative
514,603,indicative
514,552,indicative
514,948,indicative
515,555,indicative
515,697,indicative
515,795,indicative
516,948,indicative
559,516,indicative
516,731,indicative
517,735,indicative
517,961,indicative
517,814,indicative
518,952,indicative
518,660,indicative
518,731,indicative
519,755,indicative
519,954,indicative
519,953,indicative
520,951,indicative
690,520,indicative
520,883,indicative
521,765,indicative
521,694,indicative
521,814,indicative
522,576,indicative
687,522,indicative
522,696,indicative
523,668,indicative
523,557,indicative
523,595,indicative
524,577,indicative
524,594,indicative
524,571,indicative
525,765,indicative
525,573,indicative
525,605,indicative
526,771,indicative
526,780,indicative
526,784,indicative
527,650,indicative
687,527,indicative
527,777,indicative
528,800,indicative
528,576,indicative
528,793,indicative
529,775,indicative
529,721,indicative
529,961,indicative
530,553,indicative
627,530,indicative
530,721,indicative
531,561,indicative
531,953,indicative
531,581,indicative
532,578,indicative
532,564,indicative
532,596,indicative
533,556,indicative
533,811,indicative
533,775,indicative
534,884,indicative
534,694,indicative
534,663,indicative
535,821,indicative
535,693,indicative
535,562,indicative
536,595,indicative
536,757,indicative
536,603,indicative
537,742,indicative
537,575,indicative
537,780,indicative
538,570,indicative
538,771,indicative
538,550,indicative
539,768,indicative
539,550,indicative
539,712,indicative
540,660,indicative
540,778,indicative
540,756,indicative
541,591,indicative
542,558,indicative
542,567,indicative
542,604,indicative
548,655,indicative
548,742,indicative
548,697,indicative
549,748,indicative
549,759,indicative
939,549,indicative
687,550,indicative
550,743,indicative
550,612,indicative
551,725,indicative
551,720,indicative
693,551,indicative
793,552,indicative
696,552,indicative
688,552,indicative
553,668,indicative
553,884,indicative
553,768,indicative
554,584,indicative
555,605,indicative
555,593,indicative
555,597,indicative
556,600,indicative
556,568,indicative
556,595,indicative
557,603,indicative
557,821,indicative
557,742,indicative
558,725,indicative
558,767,indicative
558,799,indicative
559,754,indicative
559,581,indicative
559,596,indicative
696,560,indicative
560,721,indicative
687,560,indicative
580,561,indicative
793,562,indicative
792,562,indicative
562,762,indicative
563,778,indicative
574,563,indicative
563,755,indicative
564,886,indicative
564,820,indicative
858,564,indicative
565,952,indicative
565,775,indicative
565,766,indicative
566,881,indicative
687,566,indicative
566,819,indicative
793,567,indicative
567,755,indicative
567,731,indicative
568,753,indicative
568,781,indicative
568,600,indicative
951,569,indicative
938,569,indicative
688,569,indicative
940,570,indicative
941,570,indicative
570,746,indicative
571,768,indicative
855,571,indicative
571,742,indicative
572,767,indicative
572,583,indicative
572,612,indicative
940,573,indicative
941,573,indicative
573,603,indicative
574,611,indicative
574,590,indicative
574,754,indicative
575,746,indicative
575,758,indicative
575,611,indicative
576,593,indicative
576,884,indicative
576,762,indicative
577,881,indicative
792,577,indicative
687,577,indicative
578,765,indicative
578,771,indicative
858,578,indicative
579,650,indicative
579,884,indicative
940,579,indicative
580,954,indicative
580,820,indicative
580,762,indicative
581,781,indicative
581,598,indicative
581,810,indicative
938,582,indicative
582,660,indicative
582,756,indicative
583,775,indicative
583,756,indicative
696,583,indicative
584,660,indicative
687,584,indicative
584,755,indicative
585,592,indicative
585,606,indicative
585,599,indicative
590,819,indicative
590,780,indicative
702,590,indicative
810,592,indicative
659,592,indicative
660,592,indicative
593,766,indicative
593,813,indicative
593,785,indicative
594,766,indicative
594,748,indicative
711,594,indicative
940,595,indicative
941,595,indicative
710,595,indicative
596,775,indicative
596,600,indicative
690,596,indicative
597,731,indicative
597,771,indicative
597,831,indicative
810,598,indicative
598,775,indicative
694,598,indicative
659,599,indicative
938,599,indicative
810,599,indicative
721,600,indicative
600,766,indicative
600,778,indicative
795,601,indicative
867,601,indicative
639,601,indicative
952,602,indicative
602,767,indicative
630,602,indicative
603,655,indicative
603,811,indicative
603,886,indicative
858,604,indicative
865,604,indicative
604,778,indicative
605,754,indicative
605,774,indicative
605,772,indicative
696,606,indicative
606,831,indicative
940,606,indicative
607,749,indicative
607,782,indicative
607,650,indicative
693,608,indicative
608,745,indicative
793,608,indicative
687,609,indicative
858,609,indicative
609,743,indicative
611,831,indicative
611,743,indicative
712,611,indicative
612,746,indicative
612,831,indicative
711,612,indicative
613,777,indicative
613,767,indicative
710,613,indicative
940,614,indicative
941,614,indicative
614,779,indicative
618,671,indicative
618,647,indicative
618,648,indicative
620,662,indicative
620,711,indicative
620,780,indicative
621,643,indicative
621,654,indicative
621,641,indicative
622,636,indicative
622,668,indicative
622,640,indicative
623,626,indicative
623,646,indicative
623,632,indicative
624,670,indicative
624,957,indicative
624,947,indicative
625,632,indicative
625,650,indicative
625,669,indicative
626,853,indicative
626,643,indicative
626,631,indicative
627,960,indicative
627,706,indicative
627,854,indicative
628,853,indicative
628,686,indicative
628,643,indicative
629,646,indicative
629,720,indicative
629,686,indicative
630,780,indicative
630,641,indicative
630,660,indicative
631,746,indicative
938,631,indicative
631,712,indicative
632,646,indicative
632,664,indicative
632,665,indicative
633,651,indicative
634,646,indicative
635,955,indicative
635,750,indicative
635,746,indicative
636,665,indicative
636,667,indicative
636,814,indicative
637,723,indicative
637,711,indicative
637,746,indicative
638,957,indicative
638,878,indicative
638,743,indicative
639,735,indicative
639,811,indicative
639,779,indicative
640,750,indicative
640,671,indicative
640,767,indicative
641,725,indicative
853,641,indicative
641,700,indicative
711,642,indicative
654,642,indicative
642,650,indicative
686,643,indicative
643,644,indicative
643,955,indicative
649,644,indicative
646,668,indicative
646,664,indicative
646,650,indicative
647,656,indicative
647,955,indicative
647,650,indicative
648,670,indicative
648,663,indicative
648,650,indicative
649,947,indicative
649,660,indicative
649,670,indicative
654,650,indicative
650,765,indicative
691,650,indicative
686,654,indicative
654,658,indicative
654,669,indicative
655,773,indicative
694,655,indicative
744,655,indicative
746,656,indicative
710,656,indicative
957,656,indicative
939,657,indicative
657,658,indicative
710,657,indicative
955,658,indicative
710,658,indicative
664,658,indicative
659,670,indicative
659,762,indicative
694,659,indicative
660,779,indicative
660,785,indicative
660,745,indicative
750,662,indicative
668,662,indicative
664,662,indicative
663,772,indicative
721,663,indicative
702,663,indicative
664,751,indicative
692,664,indicative
947,664,indicative
721,665,indicative
715,665,indicative
714,665,indicative
814,666,indicative
668,666,indicative
800,666,indicative
667,671,indicative
667,957,indicative
711,667,indicative
668,777,indicative
866,668,indicative
668,740,indicative
670,785,indicative
855,670,indicative
670,765,indicative
701,671,indicative
671,767,indicative
694,671,indicative
685,855,indicative
685,813,indicative
685,720,indicative
686,867,indicative
686,748,indicative
686,872,indicative
687,831,indicative
687,759,indicative
687,883,indicative
688,753,indicative
688,881,indicative
688,810,indicative
689,947,indicative
689,745,indicative
939,689,indicative
690,700,indicative
690,953,indicative
690,858,indicative
691,732,indicative
691,868,indicative
691,746,indicative
692,945,indicative
692,854,indicative
692,793,indicative
693,772,indicative
693,721,indicative
693,814,indicative
694,758,indicative
694,810,indicative
694,779,indicative
696,888,indicative
696,829,indicative
857,696,indicative
697,714,indicative
697,776,indicative
697,721,indicative
704,698,indicative
792,698,indicative
698,721,indicative
699,767,indicative
699,743,indicative
699,814,indicative
700,957,indicative
700,829,indicative
700,825,indicative
701,735,indicative
701,742,indicative
701,748,indicative
702,741,indicative
794,702,indicative
702,766,indicative
703,750,indicative
703,780,indicative
855,703,indicative
704,819,indicative
704,831,indicative
704,829,indicative
705,737,indicative
705,738,indicative
939,705,indicative
706,955,indicative
706,741,indicative
711,706,indicative
707,955,indicative
792,707,indicative
707,883,indicative
857,708,indicative
708,739,indicative
708,745,indicative
855,709,indicative
709,734,indicative
709,881,indicative
710,734,indicative
710,954,indicative
710,888,indicative
711,767,indicative
853,711,indicative
711,799,indicative
712,741,indicative
854,712,indicative
712,757,indicative
714,775,indicative
714,745,indicative
714,785,indicative
715,784,indicative
715,775,indicative
715,745,indicative
719,820,indicative
719,779,indicative
719,813,indicative
720,961,indicative
750,720,indicative
720,783,indicative
721,831,indicative
942,721,indicative
721,728,indicative
722,776,indicative
722,884,indicative
722,785,indicative
723,811,indicative
799,723,indicative
723,725,indicative
803,724,indicative
810,724,indicative
812,724,indicative
725,783,indicative
952,725,indicative
725,758,indicative
810,728,indicative
867,728,indicative
853,728,indicative
947,729,indicative
792,729,indicative
729,955,indicative
803,730,indicative
741,730,indicative
730,767,indicative
731,765,indicative
739,731,indicative
855,731,indicative
732,743,indicative
793,732,indicative
792,732,indicative
733,746,indicative
795,733,indicative
865,733,indicative
734,746,indicative
734,767,indicative
734,766,indicative
865,735,indicative
741,735,indicative
881,735,indicative
795,736,indicative
736,813,indicative
854,736,indicative
860,737,indicative
866,737,indicative
857,737,indicative
825,738,indicative
810,738,indicative
857,738,indicative
949,739,indicative
939,739,indicative
854,739,indicative
752,740,indicative
883,740,indicative
866,740,indicative
741,955,indicative
793,741,indicative
792,741,indicative
742,759,indicative
865,742,indicative
742,767,indicative
951,743,indicative
949,743,indicative
881,743,indicative
866,744,indicative
744,759,indicative
744,758,indicative
881,745,indicative
948,745,indicative
952,745,indicative
746,775,indicative
746,771,indicative
752,746,indicative
747,748,indicative
869,748,indicative
857,748,indicative
888,748,indicative
766,749,indicative
884,749,indicative
811,749,indicative
750,813,indicative
750,758,indicative
750,831,indicative
751,765,indicative
878,751,indicative
939,751,indicative
938,752,indicative
943,752,indicative
752,765,indicative
858,753,indicative
939,753,indicative
793,753,indicative
792,754,indicative
831,754,indicative
858,754,indicative
855,755,indicative
755,762,indicative
755,776,indicative
756,758,indicative
756,762,indicative
756,777,indicative
855,757,indicative
780,757,indicative
961,757,indicative
951,758,indicative
855,758,indicative
758,767,indicative
759,782,indicative
878,759,indicative
793,759,indicative
952,762,indicative
954,762,indicative
813,762,indicative
800,765,indicative
865,765,indicative
948,765,indicative
766,782,indicative
792,766,indicative
793,766,indicative
961,767,indicative
794,767,indicative
884,767,indicative
855,768,indicative
886,768,indicative
939,768,indicative
821,771,indicative
820,771,indicative
886,771,indicative
938,772,indicative
793,772,indicative
792,772,indicative
773,785,indicative
952,774,indicative
939,774,indicative
813,774,indicative
775,785,indicative
779,775,indicative
811,775,indicative
858,776,indicative
940,776,indicative
941,776,indicative
952,777,indicative
777,785,indicative
811,777,indicative
811,778,indicative
781,778,indicative
778,784,indicative
810,779,indicative
779,953,indicative
948,779,indicative
949,780,indicative
781,780,indicative
795,780,indicative
952,781,indicative
951,781,indicative
781,819,indicative
886,782,indicative
952,782,indicative
811,782,indicative
800,783,indicative
884,783,indicative
948,783,indicative
957,785,indicative
799,785,indicative
952,785,indicative
792,825,indicative
792,866,indicative
792,883,indicative
793,860,indicative
793,961,indicative
793,814,indicative
794,814,indicative
794,820,indicative
794,829,indicative
795,811,indicative
795,888,indicative
795,887,indicative
796,942,indicative
796,957,indicative
796,872,indicative
797,942,indicative
797,802,indicative
797,883,indicative
939,798,indicative
798,803,indicative
798,942,indicative
940,799,indicative
941,799,indicative
866,799,indicative
800,820,indicative
800,814,indicative
800,811,indicative
801,806,indicative
802,883,indicative
940,802,indicative
941,802,indicative
803,957,indicative
803,829,indicative
803,887,indicative
806,807,indicative
806,808,indicative
852,807,indicative
823,807,indicative
868,807,indicative
868,808,indicative
860,808,indicative
960,808,indicative
940,810,indicative
941,810,indicative
810,872,indicative
827,811,indicative
866,811,indicative
869,811,indicative
812,813,indicative
875,813,indicative
951,813,indicative
943,813,indicative
940,814,indicative
941,814,indicative
814,884,indicative
821,819,indicative
825,819,indicative
938,820,indicative
820,830,indicative
820,953,indicative
821,961,indicative
948,821,indicative
821,884,indicative
960,822,indicative
868,823,indicative
823,829,indicative
942,825,indicative
855,825,indicative
825,957,indicative
827,886,indicative
827,829,indicative
852,827,indicative
960,828,indicative
868,828,indicative
951,829,indicative
871,829,indicative
952,829,indicative
939,831,indicative
948,831,indicative
831,953,indicative
852,881,indicative
852,943,indicative
852,868,indicative
853,857,indicative
853,955,indicative
938,853,indicative
854,889,indicative
854,883,indicative
854,863,indicative
855,949,indicative
938,855,indicative
855,942,indicative
856,865,indicative
856,881,indicative
856,875,indicative
857,867,indicative
857,865,indicative
857,890,indicative
859,871,indicative
859,866,indicative
859,874,indicative
860,876,indicative
949,860,indicative
860,889,indicative
862,866,indicative
939,862,indicative
862,872,indicative
865,875,indicative
865,888,indicative
865,889,indicative
866,947,indicative
866,960,indicative
866,869,indicative
867,889,indicative
867,883,indicative
867,869,indicative
868,888,indicative
868,890,indicative
939,868,indicative
869,872,indicative
869,886,indicative
871,890,indicative
871,872,indicative
874,872,indicative
888,872,indicative
939,872,indicative
874,890,indicative
875,886,indicative
883,877,indicative
952,878,indicative
878,886,indicative
878,961,indicative
888,880,indicative
881,880,indicative
883,880,indicative
881,887,indicative
940,881,indicative
941,881,indicative
948,883,indicative
942,883,indicative
883,957,indicative
943,884,indicative
960,884,indicative
952,884,indicative
951,886,indicative
938,886,indicative
943,886,indicative
943,887,indicative
889,887,indicative
939,888,indicative
888,957,indicative
943,888,indicative
943,889,indicative
938,948,indicative
938,949,indicative
938,942,indicative
939,956,indicative
939,952,indicative
939,940,indicative
940,951,indicative
940,952,indicative
940,961,indicative
941,951,indicative
941,952,indicative
941,961,indicative
949,942,indicative
942,957,indicative
943,942,indicative
943,955,indicative
943,947,indicative
943,957,indicative
944,947,indicative
944,945,indicative
945,957,indicative
945,955,indicative
949,945,indicative
949,947,indicative
947,957,indicative
947,955,indicative
951,948,indicative
948,960,indicative
948,961,indicative
949,956,indicative
949,955,indicative
949,960,indicative
951,952,indicative
952,961,indicative
954,953,indicative
954,961,indicative
960,957,indicative
